Gowns(1000  units),CO2e(KGs)
Disposable,3304.792307
Reusable,1112.100298
RevZ,1016.809283
RevZ Forecasts,797.7876779
